{
  "project_info": {
    "project_number": "96225032306",
    "firebase_url": "https://easy-movie-4514e-default-rtdb.firebaseio.com",
    "project_id": "easy-movie-4514e",
    "storage_bucket": "easy-movie-4514e.appspot.com"
  },
  "client": [
    {
      "client_info": {
        "mobilesdk_app_id": "1:96225032306:android:b562532301be06fa916aeb",
        "android_client_info": {
          "package_name": "com.example.easymovie"
        }
      },
      "oauth_client": [
        {
          "client_id": "96225032306-mfqcsqklcng2upum6arqh7ggdeg0iolc.apps.googleusercontent.com",
          "client_type": 3
        }
      ],
      "api_key": [
        {
          "current_key": "AIzaSyCB35N13Dl7678eXPYFJlnPcs7tHQL3XAo"
        }
      ],
      "services": {
        "appinvite_service": {
          "other_platform_oauth_client": [
            {
              "client_id": "96225032306-mfqcsqklcng2upum6arqh7ggdeg0iolc.apps.googleusercontent.com",
              "client_type": 3
            }
          ]
        }
      }
    }
  ],
  "configuration_version": "1"
}